<?xml version="1.0" encoding="UTF-8"?>
<!DOCTYPE generatorConfiguration
		PUBLIC "-//mybatis.org//DTD MyBatis Generator Configuration 1.0//EN"
		"http://mybatis.org/dtd/mybatis-generator-config_1_0.dtd">
<generatorConfiguration>
	<!--加载jdbc.properties-->
	<properties resource="application.yml"></properties>
	<context id="DB2Tables" targetRuntime="MyBatis3">
		<!-- 生成没有注释的实体类 -->
		<commentGenerator>
			<property name="suppressAllComments" value="true" />
		</commentGenerator>
		<!-- 配置数据库连接 -->
		<jdbcConnection driverClass="${driver-class-name}"
						connectionURL="${url}"
						userId="${username}"
						password="${password}">
		</jdbcConnection>

		<javaTypeResolver>
			<property name="forceBigDecimals" value="false" />
		</javaTypeResolver>

		<!-- 指定JavaBean生成的位置 -->
		<javaModelGenerator targetPackage="com.campus.order.domain"
							targetProject="order\src\main\java">
			<property name="enableSubPackages" value="true" />
			<property name="trimStrings" value="true" />
		</javaModelGenerator>

		<!--指定sql映射文件生成的位置 -->
		<sqlMapGenerator targetPackage="mapper"
						 targetProject="order\src\main\resources">
			<property name="enableSubPackages" value="true" />
		</sqlMapGenerator>

		<!-- 指定dao接口生成的位置，mapper接口 -->
		<javaClientGenerator type="XMLMAPPER"
							 targetPackage="com.campus.order.mapper"
							 targetProject="order\src\main\java">
			<property name="enableSubPackages" value="true" />
		</javaClientGenerator>

		<!-- table指定每个表的生成策略 -->
		<table tableName="product_type" domainObjectName="ProductType"></table>
	</context>
</generatorConfiguration>