<?xml version="1.0" encoding="UTF-8" ?>
<!DOCTYPE mapper PUBLIC "-//mybatis.org//DTD Mapper 3.0//EN" "http://mybatis.org/dtd/mybatis-3-mapper.dtd" >
<mapper namespace="com.campus.order.mapper.AddressMapper" >
  <resultMap id="BaseResultMap" type="com.campus.order.domain.Address" >
    <id column="aid" property="aid" jdbcType="BIGINT" />
    <result column="auname" property="auname" jdbcType="VARCHAR" />
    <result column="auphone" property="auphone" jdbcType="BIGINT" />
    <result column="azone" property="azone" jdbcType="VARCHAR" />
    <result column="ainfo" property="ainfo" jdbcType="VARCHAR" />
    <result column="uid" property="uid" jdbcType="BIGINT" />
  </resultMap>
  <delete id="deleteByPrimaryKey" parameterType="java.lang.Long" >
    delete from address
    where aid = #{aid,jdbcType=BIGINT}
  </delete>
  <insert id="insert" parameterType="com.campus.order.domain.Address" >
    insert into address (aid, auname, auphone, 
      azone, ainfo, uid)
    values (#{aid,jdbcType=BIGINT}, #{auname,jdbcType=VARCHAR}, #{auphone,jdbcType=BIGINT}, 
      #{azone,jdbcType=VARCHAR}, #{ainfo,jdbcType=VARCHAR}, #{uid,jdbcType=BIGINT})
  </insert>
  <update id="updateByPrimaryKey" parameterType="com.campus.order.domain.Address" >
    update address
    set auname = #{auname,jdbcType=VARCHAR},
      auphone = #{auphone,jdbcType=BIGINT},
      azone = #{azone,jdbcType=VARCHAR},
      ainfo = #{ainfo,jdbcType=VARCHAR},
      uid = #{uid,jdbcType=BIGINT}
    where aid = #{aid,jdbcType=BIGINT}
  </update>
  <select id="selectByPrimaryKey" resultMap="BaseResultMap" parameterType="java.lang.Long" >
    select aid, auname, auphone, azone, ainfo, uid
    from address
    where aid = #{aid,jdbcType=BIGINT}
  </select>
  <select id="selectAll" resultMap="BaseResultMap" >
    select aid, auname, auphone, azone, ainfo, uid
    from address where uid=#{uid}
  </select>

</mapper>