<?xml version="1.0" encoding="UTF-8" ?>
<!DOCTYPE mapper PUBLIC "-//mybatis.org//DTD Mapper 3.0//EN" "http://mybatis.org/dtd/mybatis-3-mapper.dtd" >
<mapper namespace="com.campus.order.mapper.ProductMapper" >
  <resultMap id="BaseResultMap" type="com.campus.order.domain.Product" >
    <id column="p_id" property="pId" jdbcType="BIGINT" />
    <result column="p_name" property="pName" jdbcType="VARCHAR" />
    <result column="p_price" property="pPrice" jdbcType="DOUBLE" />
    <result column="m_id" property="mId" jdbcType="BIGINT" />
    <result column="p_picon" property="pPicon" jdbcType="VARCHAR" />
    <result column="p_promotion" property="pPromotion" jdbcType="DOUBLE" />
  </resultMap>
  <sql id="Example_Where_Clause" >
    <where >
      <foreach collection="oredCriteria" item="criteria" separator="or" >
        <if test="criteria.valid" >
          <trim prefix="(" suffix=")" prefixOverrides="and" >
            <foreach collection="criteria.criteria" item="criterion" >
              <choose >
                <when test="criterion.noValue" >
                  and ${criterion.condition}
                </when>
                <when test="criterion.singleValue" >
                  and ${criterion.condition} #{criterion.value}
                </when>
                <when test="criterion.betweenValue" >
                  and ${criterion.condition} #{criterion.value} and #{criterion.secondValue}
                </when>
                <when test="criterion.listValue" >
                  and ${criterion.condition}
                  <foreach collection="criterion.value" item="listItem" open="(" close=")" separator="," >
                    #{listItem}
                  </foreach>
                </when>
              </choose>
            </foreach>
          </trim>
        </if>
      </foreach>
    </where>
  </sql>
  <sql id="Update_By_Example_Where_Clause" >
    <where >
      <foreach collection="example.oredCriteria" item="criteria" separator="or" >
        <if test="criteria.valid" >
          <trim prefix="(" suffix=")" prefixOverrides="and" >
            <foreach collection="criteria.criteria" item="criterion" >
              <choose >
                <when test="criterion.noValue" >
                  and ${criterion.condition}
                </when>
                <when test="criterion.singleValue" >
                  and ${criterion.condition} #{criterion.value}
                </when>
                <when test="criterion.betweenValue" >
                  and ${criterion.condition} #{criterion.value} and #{criterion.secondValue}
                </when>
                <when test="criterion.listValue" >
                  and ${criterion.condition}
                  <foreach collection="criterion.value" item="listItem" open="(" close=")" separator="," >
                    #{listItem}
                  </foreach>
                </when>
              </choose>
            </foreach>
          </trim>
        </if>
      </foreach>
    </where>
  </sql>
  <sql id="Base_Column_List" >
    p_id, p_name, p_price, m_id, p_picon, p_promotion
  </sql>
  <select id="selectByExample" resultMap="BaseResultMap" parameterType="com.campus.order.domain.ProductExample" >
    select
    <if test="distinct" >
      distinct
    </if>
    <include refid="Base_Column_List" />
    from product
    <if test="_parameter != null" >
      <include refid="Example_Where_Clause" />
    </if>
    <if test="orderByClause != null" >
      order by ${orderByClause}
    </if>
  </select>

  <select id="selectByExample2" resultMap="BaseResultMap" parameterType="com.campus.order.domain.ProductExample" >
    select
    <if test="distinct" >
      distinct
    </if>
    <include refid="Base_Column_List" />
    from product
    <if test="_parameter != null" >
      <include refid="Example_Where_Clause" />
    </if>
    group by m_id
    <if test="orderByClause != null" >
      order by ${orderByClause}
    </if>
  </select>

  <select id="selectByPrimaryKey" resultMap="BaseResultMap" parameterType="java.lang.Long" >
    select 
    <include refid="Base_Column_List" />
    from product
    where p_id = #{pId,jdbcType=BIGINT}
  </select>
  <delete id="deleteByPrimaryKey" parameterType="java.lang.Long" >
    delete from product
    where p_id = #{pId,jdbcType=BIGINT}
  </delete>
  <delete id="deleteByExample" parameterType="com.campus.order.domain.ProductExample" >
    delete from product
    <if test="_parameter != null" >
      <include refid="Example_Where_Clause" />
    </if>
  </delete>
  <insert id="insert" parameterType="com.campus.order.domain.Product" >
    insert into product (p_id, p_name, p_price, 
      m_id, p_picon, p_promotion
      )
    values (#{pId,jdbcType=BIGINT}, #{pName,jdbcType=VARCHAR}, #{pPrice,jdbcType=DOUBLE}, 
      #{mId,jdbcType=BIGINT}, #{pPicon,jdbcType=VARCHAR}, #{pPromotion,jdbcType=DOUBLE}
      )
  </insert>
  <insert id="insertSelective" parameterType="com.campus.order.domain.Product" >
    insert into product
    <trim prefix="(" suffix=")" suffixOverrides="," >
      <if test="pId != null" >
        p_id,
      </if>
      <if test="pName != null" >
        p_name,
      </if>
      <if test="pPrice != null" >
        p_price,
      </if>
      <if test="mId != null" >
        m_id,
      </if>
      <if test="pPicon != null" >
        p_picon,
      </if>
      <if test="pPromotion != null" >
        p_promotion,
      </if>
    </trim>
    <trim prefix="values (" suffix=")" suffixOverrides="," >
      <if test="pId != null" >
        #{pId,jdbcType=BIGINT},
      </if>
      <if test="pName != null" >
        #{pName,jdbcType=VARCHAR},
      </if>
      <if test="pPrice != null" >
        #{pPrice,jdbcType=DOUBLE},
      </if>
      <if test="mId != null" >
        #{mId,jdbcType=BIGINT},
      </if>
      <if test="pPicon != null" >
        #{pPicon,jdbcType=VARCHAR},
      </if>
      <if test="pPromotion != null" >
        #{pPromotion,jdbcType=DOUBLE},
      </if>
    </trim>
  </insert>
  <select id="countByExample" parameterType="com.campus.order.domain.ProductExample" resultType="java.lang.Integer" >
    select count(*) from product
    <if test="_parameter != null" >
      <include refid="Example_Where_Clause" />
    </if>
  </select>
  <update id="updateByExampleSelective" parameterType="map" >
    update product
    <set >
      <if test="record.pId != null" >
        p_id = #{record.pId,jdbcType=BIGINT},
      </if>
      <if test="record.pName != null" >
        p_name = #{record.pName,jdbcType=VARCHAR},
      </if>
      <if test="record.pPrice != null" >
        p_price = #{record.pPrice,jdbcType=DOUBLE},
      </if>
      <if test="record.mId != null" >
        m_id = #{record.mId,jdbcType=BIGINT},
      </if>
      <if test="record.pPicon != null" >
        p_picon = #{record.pPicon,jdbcType=VARCHAR},
      </if>
      <if test="record.pPromotion != null" >
        p_promotion = #{record.pPromotion,jdbcType=DOUBLE},
      </if>
    </set>
    <if test="_parameter != null" >
      <include refid="Update_By_Example_Where_Clause" />
    </if>
  </update>
  <update id="updateByExample" parameterType="map" >
    update product
    set p_id = #{record.pId,jdbcType=BIGINT},
      p_name = #{record.pName,jdbcType=VARCHAR},
      p_price = #{record.pPrice,jdbcType=DOUBLE},
      m_id = #{record.mId,jdbcType=BIGINT},
      p_picon = #{record.pPicon,jdbcType=VARCHAR},
      p_promotion = #{record.pPromotion,jdbcType=DOUBLE}
    <if test="_parameter != null" >
      <include refid="Update_By_Example_Where_Clause" />
    </if>
  </update>
  <update id="updateByPrimaryKeySelective" parameterType="com.campus.order.domain.Product" >
    update product
    <set >
      <if test="pName != null" >
        p_name = #{pName,jdbcType=VARCHAR},
      </if>
      <if test="pPrice != null" >
        p_price = #{pPrice,jdbcType=DOUBLE},
      </if>
      <if test="mId != null" >
        m_id = #{mId,jdbcType=BIGINT},
      </if>
      <if test="pPicon != null" >
        p_picon = #{pPicon,jdbcType=VARCHAR},
      </if>
      <if test="pPromotion != null" >
        p_promotion = #{pPromotion,jdbcType=DOUBLE},
      </if>
    </set>
    where p_id = #{pId,jdbcType=BIGINT}
  </update>
  <update id="updateByPrimaryKey" parameterType="com.campus.order.domain.Product" >
    update product
    set p_name = #{pName,jdbcType=VARCHAR},
      p_price = #{pPrice,jdbcType=DOUBLE},
      m_id = #{mId,jdbcType=BIGINT},
      p_picon = #{pPicon,jdbcType=VARCHAR},
      p_promotion = #{pPromotion,jdbcType=DOUBLE}
    where p_id = #{pId,jdbcType=BIGINT}
  </update>
  <select id="selectAll" resultMap="BaseResultMap">
    select * from `product`
  </select>
  <select id="selectBymid" resultMap="BaseResultMap">
    select * from `product` where  m_id = #{mId,jdbcType=BIGINT}
  </select>
</mapper>