<?xml version="1.0" encoding="UTF-8" ?>
<!DOCTYPE mapper PUBLIC "-//mybatis.org//DTD Mapper 3.0//EN" "http://mybatis.org/dtd/mybatis-3-mapper.dtd" >
<mapper namespace="com.campus.order.mapper.UserInfoMapper" >
  <resultMap id="BaseResultMap" type="com.campus.order.domain.UserInfo" >
    <id column="u_id" property="uId" jdbcType="BIGINT" />
    <result column="u_name" property="uName" jdbcType="VARCHAR" />
    <result column="u_pwd" property="uPwd" jdbcType="VARCHAR" />
    <result column="email" property="email" jdbcType="VARCHAR" />
    <result column="u_phone" property="uPhone" jdbcType="VARCHAR" />
    <result column="u_checkcode" property="uCheckcode" jdbcType="VARCHAR" />
    <result column="aid" property="aid" jdbcType="BIGINT" />
    <result column="u_pwd2" property="uPwd2" jdbcType="VARCHAR" />
    <result column="u_photo" property="uPhoto" jdbcType="VARCHAR" />
  </resultMap>
  <sql id="Example_Where_Clause" >
    <where >
      <foreach collection="oredCriteria" item="criteria" separator="or" >
        <if test="criteria.valid" >
          <trim prefix="(" suffix=")" prefixOverrides="and" >
            <foreach collection="criteria.criteria" item="criterion" >
              <choose >
                <when test="criterion.noValue" >
                  and ${criterion.condition}
                </when>
                <when test="criterion.singleValue" >
                  and ${criterion.condition} #{criterion.value}
                </when>
                <when test="criterion.betweenValue" >
                  and ${criterion.condition} #{criterion.value} and #{criterion.secondValue}
                </when>
                <when test="criterion.listValue" >
                  and ${criterion.condition}
                  <foreach collection="criterion.value" item="listItem" open="(" close=")" separator="," >
                    #{listItem}
                  </foreach>
                </when>
              </choose>
            </foreach>
          </trim>
        </if>
      </foreach>
    </where>
  </sql>
  <sql id="Update_By_Example_Where_Clause" >
    <where >
      <foreach collection="example.oredCriteria" item="criteria" separator="or" >
        <if test="criteria.valid" >
          <trim prefix="(" suffix=")" prefixOverrides="and" >
            <foreach collection="criteria.criteria" item="criterion" >
              <choose >
                <when test="criterion.noValue" >
                  and ${criterion.condition}
                </when>
                <when test="criterion.singleValue" >
                  and ${criterion.condition} #{criterion.value}
                </when>
                <when test="criterion.betweenValue" >
                  and ${criterion.condition} #{criterion.value} and #{criterion.secondValue}
                </when>
                <when test="criterion.listValue" >
                  and ${criterion.condition}
                  <foreach collection="criterion.value" item="listItem" open="(" close=")" separator="," >
                    #{listItem}
                  </foreach>
                </when>
              </choose>
            </foreach>
          </trim>
        </if>
      </foreach>
    </where>
  </sql>
  <sql id="Base_Column_List" >
    u_id, u_name, u_pwd, email, u_phone, u_checkcode, aid, u_pwd2, u_photo
  </sql>
  <select id="selectByExample" resultMap="BaseResultMap" parameterType="com.campus.order.domain.UserInfoExample" >
    select
    <if test="distinct" >
      distinct
    </if>
    <include refid="Base_Column_List" />
    from user_info
    <if test="_parameter != null" >
      <include refid="Example_Where_Clause" />
    </if>
    <if test="orderByClause != null" >
      order by ${orderByClause}
    </if>
  </select>
  <select id="selectByPrimaryKey" resultMap="BaseResultMap" parameterType="java.lang.Long" >
    select 
    <include refid="Base_Column_List" />
    from user_info
    where u_id = #{uId,jdbcType=BIGINT}
  </select>
  <delete id="deleteByPrimaryKey" parameterType="java.lang.Long" >
    delete from user_info
    where u_id = #{uId,jdbcType=BIGINT}
  </delete>
  <delete id="deleteByExample" parameterType="com.campus.order.domain.UserInfoExample" >
    delete from user_info
    <if test="_parameter != null" >
      <include refid="Example_Where_Clause" />
    </if>
  </delete>
  <insert id="insert" parameterType="com.campus.order.domain.UserInfo" >
    insert into user_info (u_id, u_name, u_pwd, 
      email, u_phone, u_checkcode, 
      aid, u_pwd2, u_photo)
    values (#{uId,jdbcType=BIGINT}, #{uName,jdbcType=VARCHAR}, #{uPwd,jdbcType=VARCHAR}, 
      #{email,jdbcType=VARCHAR}, #{uPhone,jdbcType=VARCHAR}, #{uCheckcode,jdbcType=VARCHAR}, 
      #{aid,jdbcType=BIGINT}, #{uPwd2,jdbcType=VARCHAR}, #{uPhoto,jdbcType=VARCHAR})
  </insert>
  <insert id="insertSelective" parameterType="com.campus.order.domain.UserInfo" >
    insert into user_info
    <trim prefix="(" suffix=")" suffixOverrides="," >
      <if test="uId != null" >
        u_id,
      </if>
      <if test="uName != null" >
        u_name,
      </if>
      <if test="uPwd != null" >
        u_pwd,
      </if>
      <if test="email != null" >
        email,
      </if>
      <if test="uPhone != null" >
        u_phone,
      </if>
      <if test="uCheckcode != null" >
        u_checkcode,
      </if>
      <if test="aid != null" >
        aid,
      </if>
      <if test="uPwd2 != null" >
        u_pwd2,
      </if>
      <if test="uPhoto != null" >
        u_photo,
      </if>
    </trim>
    <trim prefix="values (" suffix=")" suffixOverrides="," >
      <if test="uId != null" >
        #{uId,jdbcType=BIGINT},
      </if>
      <if test="uName != null" >
        #{uName,jdbcType=VARCHAR},
      </if>
      <if test="uPwd != null" >
        #{uPwd,jdbcType=VARCHAR},
      </if>
      <if test="email != null" >
        #{email,jdbcType=VARCHAR},
      </if>
      <if test="uPhone != null" >
        #{uPhone,jdbcType=VARCHAR},
      </if>
      <if test="uCheckcode != null" >
        #{uCheckcode,jdbcType=VARCHAR},
      </if>
      <if test="aid != null" >
        #{aid,jdbcType=BIGINT},
      </if>
      <if test="uPwd2 != null" >
        #{uPwd2,jdbcType=VARCHAR},
      </if>
      <if test="uPhoto != null" >
        #{uPhoto,jdbcType=VARCHAR},
      </if>
    </trim>
  </insert>
  <select id="countByExample" parameterType="com.campus.order.domain.UserInfoExample" resultType="java.lang.Integer" >
    select count(*) from user_info
    <if test="_parameter != null" >
      <include refid="Example_Where_Clause" />
    </if>
  </select>
  <update id="updateByExampleSelective" parameterType="map" >
    update user_info
    <set >
      <if test="record.uId != null" >
        u_id = #{record.uId,jdbcType=BIGINT},
      </if>
      <if test="record.uName != null" >
        u_name = #{record.uName,jdbcType=VARCHAR},
      </if>
      <if test="record.uPwd != null" >
        u_pwd = #{record.uPwd,jdbcType=VARCHAR},
      </if>
      <if test="record.email != null" >
        email = #{record.email,jdbcType=VARCHAR},
      </if>
      <if test="record.uPhone != null" >
        u_phone = #{record.uPhone,jdbcType=VARCHAR},
      </if>
      <if test="record.uCheckcode != null" >
        u_checkcode = #{record.uCheckcode,jdbcType=VARCHAR},
      </if>
      <if test="record.aid != null" >
        aid = #{record.aid,jdbcType=BIGINT},
      </if>
      <if test="record.uPwd2 != null" >
        u_pwd2 = #{record.uPwd2,jdbcType=VARCHAR},
      </if>
      <if test="record.uPhoto != null" >
        u_photo = #{record.uPhoto,jdbcType=VARCHAR},
      </if>
    </set>
    <if test="_parameter != null" >
      <include refid="Update_By_Example_Where_Clause" />
    </if>
  </update>
  <update id="updateByExample" parameterType="map" >
    update user_info
    set u_id = #{record.uId,jdbcType=BIGINT},
      u_name = #{record.uName,jdbcType=VARCHAR},
      u_pwd = #{record.uPwd,jdbcType=VARCHAR},
      email = #{record.email,jdbcType=VARCHAR},
      u_phone = #{record.uPhone,jdbcType=VARCHAR},
      u_checkcode = #{record.uCheckcode,jdbcType=VARCHAR},
      aid = #{record.aid,jdbcType=BIGINT},
      u_pwd2 = #{record.uPwd2,jdbcType=VARCHAR},
      u_photo = #{record.uPhoto,jdbcType=VARCHAR}
    <if test="_parameter != null" >
      <include refid="Update_By_Example_Where_Clause" />
    </if>
  </update>
  <update id="updateByPrimaryKeySelective" parameterType="com.campus.order.domain.UserInfo" >
    update user_info
    <set >
      <if test="uName != null" >
        u_name = #{uName,jdbcType=VARCHAR},
      </if>
      <if test="uPwd != null" >
        u_pwd = #{uPwd,jdbcType=VARCHAR},
      </if>
      <if test="email != null" >
        email = #{email,jdbcType=VARCHAR},
      </if>
      <if test="uPhone != null" >
        u_phone = #{uPhone,jdbcType=VARCHAR},
      </if>
      <if test="uCheckcode != null" >
        u_checkcode = #{uCheckcode,jdbcType=VARCHAR},
      </if>
      <if test="aid != null" >
        aid = #{aid,jdbcType=BIGINT},
      </if>
      <if test="uPwd2 != null" >
        u_pwd2 = #{uPwd2,jdbcType=VARCHAR},
      </if>
      <if test="uPhoto != null" >
        u_photo = #{uPhoto,jdbcType=VARCHAR},
      </if>
    </set>
    where u_id = #{uId,jdbcType=BIGINT}
  </update>
  <update id="updateByPrimaryKey" parameterType="com.campus.order.domain.UserInfo" >
    update user_info
    set u_name = #{uName,jdbcType=VARCHAR},
      u_pwd = #{uPwd,jdbcType=VARCHAR},
      email = #{email,jdbcType=VARCHAR},
      u_phone = #{uPhone,jdbcType=VARCHAR},
      u_checkcode = #{uCheckcode,jdbcType=VARCHAR},
      aid = #{aid,jdbcType=BIGINT},
      u_pwd2 = #{uPwd2,jdbcType=VARCHAR},
      u_photo = #{uPhoto,jdbcType=VARCHAR}
    where u_id = #{uId,jdbcType=BIGINT}
  </update>
</mapper>